"package","sum","avg"
"tibble",1200354,4256.57446808511
"sourcetools",377763,1250.87086092715
"hms",284909,1177.30991735537
"plogr",70829,730.19587628866
"backports",200693,639.149681528662
"ModelMetrics",82641,612.155555555556
"rprojroot",159056,570.093189964158
"tidyverse",55174,497.063063063063
"forcats",46604,378.894308943089
"modelr",43236,357.322314049587
"rsconnect",99573,349.378947368421
"miniUI",98154,280.44
"ggrepel",89778,252.185393258427
"dtplyr",33902,182.268817204301
"sparklyr",17538,180.80412371134
"hunspell",49785,169.336734693878
"expint",1520,152
"mixlink",1068,133.5
"colourpicker",18200,132.846715328467
"repr",29623,124.466386554622
"IRdisplay",17447,116.313333333333
"bayesplot",4766,113.47619047619
"ggfortify",40198,110.434065934066
"webshot",32979,109.564784053156
"sjstats",24068,109.4
"cvequality",325,108.333333333333
"bookdown",17124,100.729411764706
"GerminaR",581,96.8333333333333
"rstantools",3866,96.65
"config",19672,95.9609756097561
"CoFRA",478,95.6
"finch",660,94.2857142857143
"gasfluxes",652,93.1428571428571
"feather",20659,91.4115044247788
"ashr",795,88.3333333333333
"triebeard",15125,87.9360465116279
"DISTRIB",351,87.75
"flexdashboard",19820,87.6991150442478
"rvg",30877,86.008356545961
"rematch",21595,85.3557312252964
"factoextra",20121,81.133064516129
"ggforce",3005,79.0789473684211
"acrt",925,77.0833333333333
"tufte",26134,75.7507246376812
"factorcpt",1056,75.4285714285714
"utf8latex",298,74.5
"isdparser",4202,73.719298245614
"bayesloglin",804,73.0909090909091
"anytime",7483,69.287037037037
"csvy",10618,68.948051948052
"kutils",528,66
"wordcloud2",10320,65.3164556962025
"pre",381,63.5
"sparkline",2945,61.3541666666667
"profvis",13499,59.9955555555556
"janeaustenr",15527,59.9498069498069
"cartogram",7227,59.2377049180328
"crosstalk",523,58.1111111111111
"PWEALL",443,55.375
"highcharter",18869,53.6051136363636
"joineRML",159,53
"pdftools",16258,52.7857142857143
"rstanarm",18772,52.7303370786517
"InfoTrad",364,52
"tidytext",12712,51.6747967479675
"githubinstall",9387,46.935
"rredlist",15835,46.7109144542773
"anocva",92,46
"attrCUSUM",91,45.5
"tokenizers",12209,45.2185185185185
"cleanr",405,45
"BETS",435,43.5
"PepSAVIms",1154,42.7407407407407
"ggguitar",1268,42.2666666666667
"divest",798,42
"fbar",402,40.2
"flippant",359,39.8888888888889
"rnoaa",14500,39.8351648351648
"wbstats",9856,39.1111111111111
"aws.ec2metadata",385,38.5
"dynamichazard",76,38
"packagedocs",2105,37.5892857142857
"BASS",524,37.4285714285714
"tesseract",2066,36.8928571428571
"protolite",9078,36.1673306772908
"EML",360,36
"bindrcpp",683,35.9473684210526
"NonCompart",1181,35.7878787878788
"ALSM",3884,34.990990990991
"heatmaply",7618,34.9449541284404
"listviewer",6914,34.9191919191919
"yarrr",2880,34.6987951807229
"FixSeqMTP",1003,34.5862068965517
"readJDX",308,34.2222222222222
"aws.sqs",708,33.7142857142857
"aws.ses",331,33.1
"MTDrh",463,33.0714285714286
"docxtools",66,33
"ludic",66,33
"d3r",2539,32.974025974026
"RSpectra",10015,32.8360655737705
"splines2",3723,32.3739130434783
"textutils",451,32.2142857142857
"CuCubes",675,32.1428571428571
"mvLSW",225,32.1428571428571
"rly",1058,32.0606060606061
"rsvg",11062,31.6057142857143
"geoaxe",9929,31.5206349206349
"rbokeh",9245,31.2331081081081
"datasets.load",497,31.0625
"smooth",3206,30.8269230769231
"AMModels",826,30.5925925925926
"survminer",10496,30.2478386167147
"x13binary",10465,30.2456647398844
"Rfast",5191,30.0057803468208
"AbSim",479,29.9375
"gatepoints",1227,29.2142857142857
"ROI.models.netlib",233,29.125
"desc",6680,28.9177489177489
"datapasta",894,28.8387096774194
"sentimentr",3768,28.3308270676692
"elasticsearchr",1007,27.9722222222222
"magicfor",326,27.1666666666667
"clickR",1058,27.1282051282051
"DiagrammeRsvg",8942,27.0969696969697
"descriptr",54,27
"RDocumentation",2491,26.7849462365591
"ggiraphExtra",721,26.7037037037037
"ggpubr",4326,26.5398773006135
"magick",4193,26.5379746835443
"ggiraph",8923,26.4777448071217
"netCoin",238,26.4444444444444
"rpivotTable",9541,26.2115384615385
"GLMaSPU",549,26.1428571428571
"MWRidge",335,25.7692307692308
"DCM",665,25.5769230769231
"text2vec",9069,25.5464788732394
"opticut",331,25.4615384615385
"NetWeaver",203,25.375
"ggsci",6753,25.0111111111111
"pgee.mixed",222,24.6666666666667
"units",4996,24.4901960784314
"addinslist",5863,24.4291666666667
"findviews",1965,24.2592592592593
"rem",8792,24.2203856749311
"rticles",8695,24.1527777777778
"HDoutliers",4566,24.0315789473684
"ggpmisc",8022,23.9462686567164
"BNPMIXcluster",643,23.8148148148148
"DHARMa",2964,23.712
"ztype",189,23.625
"sf",1533,23.5846153846154
"cellWise",541,23.5217391304348
"DNLC",443,23.3157894736842
"gridsample",839,23.3055555555556
"EFAutilities",629,23.2962962962963
"natserv",349,23.2666666666667
"jpndistrict",628,23.2592592592593
"AIG",255,23.1818181818182
"bivrp",321,22.9285714285714
"googleCloudStorageR",3290,22.6896551724138
"KraljicMatrix",340,22.6666666666667
"eMLEloglin",838,22.6486486486486
"swCRTdesign",181,22.625
"ghit",7138,22.4465408805031
"revealjs",7366,22.0538922155689
"ggThemeAssist",6494,21.9391891891892
"ratelimitr",218,21.8
"RWildbook",631,21.7586206896552
"janitor",1905,21.6477272727273
"FLightR",324,21.6
"ecm",1462,20.8857142857143
"bibliometrix",4895,20.7415254237288
"aslib",722,20.6285714285714
"bayesianETAS",330,20.625
"inum",433,20.6190476190476
"bindr",963,20.4893617021277
"replyr",430,20.4761904761905
"QCA",7416,20.3736263736264
"BTYDplus",325,20.3125
"AmmoniaConcentration",506,20.24
"eDMA",963,20.0625
"bartMachineJARs",6129,19.9641693811075
"crul",1016,19.921568627451
"ggalt",7149,19.803324099723
"largeVis",2123,19.6574074074074
"coprimary",293,19.5333333333333
"fontquiver",2247,19.3706896551724
"adespatial",4247,19.3045454545455
"rtrends",386,19.3
"bioimagetools",1463,19
"ltxsparklines",57,19
"D3partitionR",1709,18.9888888888889
"colf",500,18.5185185185185
"uwIntroStats",1833,18.5151515151515
"binman",350,18.4210526315789
"survMisc",6697,18.3983516483516
"notifyme",873,18.1875
"FFTrees",3076,18.0941176470588
"ICCbin",342,18
"pdp",2124,18
"QCAGUI",6459,17.7445054945055
"MBHdesign",707,17.675
"fastHorseshoe",546,17.6129032258065
"dlsem",3930,17.5446428571429
"diffusr",577,17.4848484848485
"bpp",297,17.4705882352941
"ggbeeswarm",5447,17.4025559105431
"glm.predict",1479,17.4
"DBItest",3814,17.3363636363636
"intrval",415,17.2916666666667
"forecastHybrid",4450,17.2480620155039
"ggstance",758,17.2272727272727
"GeomComb",568,17.2121212121212
"DirectStandardisation",1273,17.2027027027027
"bigQueryR",3432,17.16
"GAS",2296,17.134328358209
"pcdpca",581,17.0882352941176
"RQGIS",2334,17.036496350365
"fdq",811,16.8958333333333
"stmgui",574,16.8823529411765
"dynetNLAResistance",589,16.8285714285714
"qualityTools",5993,16.7871148459384
"prettydoc",2329,16.6357142857143
"languagelayeR",166,16.6
"exprso",1550,16.4893617021277
"tweenr",5313,16.4489164086687
"chi2x3way",279,16.4117647058824
"pleiades",164,16.4
"googleAnalyticsR",3761,16.2112068965517
"timevis",2556,16.1772151898734
"radiant.model",1657,16.0873786407767
"ReIns",112,16
"mltools",522,15.8181818181818
"geojson",686,15.5909090909091
"bayesreg",561,15.5833333333333
"QuantTools",1215,15.5769230769231
"corrr",2718,15.5314285714286
"cstab",450,15.5172413793103
"plumber",4008,15.4153846153846
"rnrfa",5605,15.3983516483516
"keyringr",1047,15.3970588235294
"icesVocab",366,15.25
"TropFishR",2759,15.2430939226519
"oXim",2282,15.2133333333333
"callr",2965,15.2051282051282
"bannerCommenter",380,15.2
"ggnetwork",4243,15.1535714285714
"effectFusion",468,15.0967741935484
"biomartr",5495,15.0961538461538
"epistasis",783,15.0576923076923
"venn",5355,15.0421348314607
"KTensorGraphs",45,15
"SixSigma",5458,14.9945054945055
"forecastSNSTS",716,14.9166666666667
"IsoplotR",3747,14.8690476190476
"DEploid",520,14.8571428571429
"listdtr",459,14.8064516129032
"ampd",842,14.7719298245614
"GDINA",265,14.7222222222222
"blscrapeR",2325,14.7151898734177
"outbreaks",872,14.5333333333333
"vcfR",4526,14.5064102564103
"bcROCsurface",623,14.4883720930233
"gutenbergr",3486,14.4647302904564
"incidence",819,14.3684210526316
"FIT",2214,14.1923076923077
"radiant.data",1557,14.1545454545455
"googleComputeEngineR",579,14.1219512195122
"SkyWatchr",365,14.0384615384615
"remotes",1558,14.036036036036
"ACEt",4484,14.0125
"gfer",154,14
"ADCT",559,13.975
"funModeling",4566,13.9633027522936
"camsRad",417,13.9
"DataExplorer",4212,13.8552631578947
"iNEXT",5019,13.7884615384615
"jsonld",289,13.7619047619048
"radiant.multivariate",1428,13.7307692307692
"radiant.basics",1455,13.7264150943396
"aws.polly",301,13.6818181818182
"FinancialMath",232,13.6470588235294
"tint",1144,13.6190476190476
"BUCSS",231,13.5882352941176
"errorizer",719,13.5660377358491
"BayesFM",770,13.5087719298246
"MonetDBLite",3958,13.4625850340136
"cobalt",2248,13.3809523809524
"lclGWAS",615,13.3695652173913
"BiBitR",400,13.3333333333333
"LendingClub",1263,13.2947368421053
"BCellMA",754,13.2280701754386
"msaR",317,13.2083333333333
"scatterpie",369,13.1785714285714
"pasta",237,13.1666666666667
"SASxport",4730,13.0662983425414
"emuR",3654,13.05
"rehh.data",676,13
"aws.sns",286,13
"gofMC",286,13
"DDRTree",4302,12.9578313253012
"radiant.design",1386,12.9532710280374
"sigmoid",3223,12.9437751004016
"DGCA",556,12.9302325581395
"bea.R",362,12.9285714285714
"cooccurNet",1660,12.8682170542636
"optimization",334,12.8461538461538
"gcKrig",638,12.76
"IDmining",446,12.7428571428571
"alluvial",1908,12.72
"rcompanion",1474,12.7068965517241
"climbeR",520,12.6829268292683
"sunburstR",1609,12.6692913385827
"GreedyExperimentalDesign",278,12.6363636363636
"qualpalr",1523,12.5867768595041
"LaplacesDemon",4482,12.5546218487395
"ahp",4393,12.5514285714286
"ICtest",138,12.5454545454545
"ClimDown",349,12.4642857142857
"ggseas",3933,12.4462025316456
"etl",2544,12.409756097561
"enviGCMS",371,12.3666666666667
"mmpf",591,12.3125
"gwfa",528,12.2790697674419
"fastAdaboost",3754,12.2679738562092
"RNifti",1470,12.25
"prediction",730,12.1666666666667
"bridger2",304,12.16
"benchr",485,12.125
"pipeliner",169,12.0714285714286
"ggcorrplot",4261,12.070821529745
"benchmarkme",3724,12.0129032258065
"asnipe",4300,12.0111731843575
"CensSpatial",990,11.9277108433735
"gWidgets2RGtk2",4317,11.8598901098901
"photobiology",3929,11.8343373493976
"OneR",2282,11.8238341968912
"rtweet",1785,11.8211920529801
"colormap",823,11.7571428571429
"shadow",270,11.7391304347826
"mafs",480,11.7073170731707
"pandocfilters",2871,11.6707317073171
"datadr",3384,11.6689655172414
"statisticalModeling",560,11.6666666666667
"mdpeer",408,11.6571428571429
"AsioHeaders",4172,11.6536312849162
"condSURV",2549,11.6392694063927
"bunchr",2272,11.5918367346939
"FactoRizationMachines",324,11.5714285714286
"regclass",1671,11.5241379310345
"cocor",4176,11.4725274725275
"radarchart",3553,11.4244372990354
"esaddle",365,11.40625
"plotfunctions",2475,11.405529953917
"fuzzyjoin",3050,11.3805970149254
"XGR",3035,11.3670411985019
"GPrank",716,11.3650793650794
"benchmarkmeData",3517,11.3086816720257
"neurobase",1063,11.3085106382979
"bsearchtools",610,11.2962962962963
"eulerr",844,11.2533333333333
"deconvolveR",326,11.2413793103448
"PLMIX",101,11.2222222222222
"getPass",3454,11.2142857142857
"ClusterR",1287,11.1913043478261
"basefun",3505,11.1624203821656
"edarf",736,11.1515151515152
"SISIR",287,11.0384615384615
"oddsratio",871,11.0253164556962
"roll",2962,11.0111524163569
"asymmetry",2709,10.9676113360324
"pinfsc50",3684,10.9642857142857
"GEEmediate",460,10.952380952381
"solrium",3547,10.9475308641975
"INSPIRE",1126,10.9320388349515
"robustsae",261,10.875
"dggridR",1770,10.8588957055215
"measurements",1686,10.8076923076923
"bsam",1561,10.7655172413793
"OpenML",516,10.75
"factorstochvol",1298,10.7272727272727
"hdm",3541,10.6656626506024
"ggspectra",3468,10.5731707317073
"plotluck",1036,10.5714285714286
"CatEncoders",1141,10.5648148148148
"storr",3633,10.5610465116279
"naptime",495,10.531914893617
"extraDistr",2156,10.5170731707317
"Compositional",3413,10.5015384615385
"lvnet",945,10.5
"rpostgis",1373,10.4809160305344
"SmartSVA",491,10.4468085106383
"redland",3297,10.4335443037975
"dGAselID",417,10.425
"lmridge",394,10.3684210526316
"fontLiberation",787,10.3552631578947
"labelled",2779,10.3308550185874
"ffstream",485,10.3191489361702
"AbsFilterGSEA",3725,10.3185595567867
"fauxpas",454,10.3181818181818
"coreSim",1964,10.282722513089
"SpaDES",3738,10.2692307692308
"cmaesr",3538,10.2254335260116
"yuimaGUI",276,10.2222222222222
"derivmkts",2409,10.2076271186441
"GetHFData",1638,10.1739130434783
"hBayesDM",2842,10.15
"bayesAB",1096,10.1481481481481
"propr",1783,10.1306818181818
"ConR",605,10.0833333333333
"infraFDTD.assist",403,10.075
"NNS",2704,10.0520446096654
"stlplus",3605,10.041782729805
"admixturegraph",2031,10.0049261083744
"RPresto",2871,10.0034843205575
"WaveLetLongMemory",180,10
"OpenImageR",1756,9.97727272727273
"AlignStat",2893,9.97586206896552
"activpalProcessing",3373,9.94985250737463
"rmapshaper",1825,9.91847826086956
"phuassess",674,9.91176470588235
"finreportr",2734,9.90579710144928
"emojifont",3047,9.89285714285714
"googleway",2117,9.89252336448598
"pxweb",3587,9.8543956043956
"trelliscope",2754,9.83571428571429
"citr",1444,9.82312925170068
"pdfsearch",137,9.78571428571429
"ManifoldOptim",538,9.78181818181818
"corr2D",2023,9.77294685990338
"manhattanly",1999,9.75121951219512
"RSentiment",2332,9.71666666666667
"biglasso",2937,9.69306930693069
"stR",1209,9.672
"randomcoloR",2667,9.66304347826087
"gbs2ploidy",280,9.6551724137931
"sdm",2570,9.62546816479401
"ABHgenotypeR",3303,9.60174418604651
"bmlm",1561,9.57668711656442
"dbhydroR",1407,9.57142857142857
"regtools",507,9.56603773584906
"CTM",1232,9.55038759689922
"rAmCharts",3476,9.54945054945055
"PortfolioEffectHFT",3474,9.54395604395604
"nhstplot",1126,9.54237288135593
"carx",3282,9.48554913294798
"datarobot",2152,9.48017621145375
"rclimateca",218,9.47826086956522
"statar",3440,9.45054945054945
"ABCp2",3419,9.44475138121547
"surrosurv",471,9.42
"freqdist",273,9.41379310344828
"raptr",593,9.41269841269841
"arulesCBA",1167,9.41129032258065
"rasterImage",1043,9.3963963963964
"ALA4R",477,9.35294117647059
"xmlparsedata",2091,9.33482142857143
"rbi",676,9.26027397260274
"alakazam",3102,9.25970149253731
"rcmdcheck",2564,9.25631768953069
"imfr",1547,9.20833333333333
"graphql",801,9.20689655172414
"AutoDeskR",441,9.1875
"vkR",257,9.17857142857143
"LBSPR",156,9.17647058823529
"ontologyIndex",3248,9.17514124293785
"QNB",650,9.15492957746479
"goeveg",1821,9.15075376884422
"tsdisagg2",283,9.12903225806452
"xaringan",155,9.11764705882353
"condvis",2831,9.10289389067524
"RcppHoney",1420,9.1025641025641
"clubSandwich",1435,9.08227848101266
"medfate",463,9.07843137254902
"HDInterval",2877,9.07570977917981
"dfpk",1284,9.04225352112676
"easyPubMed",3244,9.03621169916435
"edeaR",3159,9.02571428571428
"sophisthse",1512,9
"datacheckr",3247,8.99445983379501
"debugme",529,8.96610169491525
"RcmdrPlugin.BiclustGUI",1652,8.92972972972973
"GenomicTools",1204,8.91851851851852
"gepaf",2140,8.91666666666667
"EfficientMaxEigenpair",205,8.91304347826087
"datapack",2486,8.87857142857143
"rLDCP",62,8.85714285714286
"curlconverter",2439,8.83695652173913
"mockery",582,8.81818181818182
"pinbasic",581,8.8030303030303
"discretecdAlgorithm",1231,8.79285714285714
"ANLP",1512,8.7906976744186
"dynaTree",3195,8.77747252747253
"LOGIT",3193,8.77197802197802
"bytescircle",385,8.75
"thief",997,8.74561403508772
"DMwR2",969,8.72972972972973
"asaur",2765,8.72239747634069
"invgamma",1648,8.71957671957672
"gjam",3134,8.6814404432133
"obAnalytics",2934,8.68047337278107
"MSGARCH",1092,8.66666666666667
"ABC.RAP",615,8.66197183098592
"colourlovers",3152,8.65934065934066
"lazyrmd",1304,8.63576158940397
"deepboost",2624,8.63157894736842
"recmap",2088,8.62809917355372
"gpg",664,8.62337662337662
"pbmcapply",1505,8.55113636363636
"rintrojs",1026,8.55
"complexplus",1162,8.54411764705882
"cleanNLP",418,8.53061224489796
"deeplearning",2242,8.52471482889734
"graphTweets",2618,8.5
"coop",2424,8.47552447552447
"evoper",1659,8.46428571428571
"AmostraBrasil",2152,8.43921568627451
"seasonalview",135,8.4375
"maxnet",371,8.43181818181818
"pdftables",2688,8.42633228840125
"ETAS",2957,8.42450142450143
"archivist.github",2668,8.41640378548896
"GSED",589,8.41428571428571
"bootTimeInference",2212,8.4106463878327
"regsem",2262,8.4089219330855
"gWidgets2tcltk",3055,8.39285714285714
"narray",193,8.39130434782609
"electionsBR",1123,8.38059701492537
"CSclone",402,8.375
"mlt",2628,8.36942675159236
"oec",1306,8.31847133757962
"difNLR",1597,8.31770833333333
"mregions",1239,8.31543624161074
"IrishDirectorates",349,8.30952380952381
"altmeta",2525,8.30592105263158
"GetTDData",2691,8.30555555555556
"funrar",1394,8.29761904761905
"RDStreeboot",306,8.27027027027027
"rIsing",289,8.25714285714286
"deconstructSigs",2880,8.22857142857143
"sommer",2794,8.21764705882353
"ARTP2",2653,8.21362229102167
"httpcache",2554,8.21221864951768
"MultivariateRandomForest",2396,8.20547945205479
"spacom",2986,8.2032967032967
"Countr",2304,8.19928825622776
"medicare",663,8.18518518518519
"colourvision",409,8.18
"apdesign",368,8.17777777777778
"bnspatial",1705,8.11904761904762
"opera",1096,8.11851851851852
"ggraptR",2442,8.11295681063123
"beanz",1946,8.10833333333333
"moezipfR",170,8.09523809523809
"BatchGetSymbols",437,8.09259259259259
"FinePop",913,8.07964601769912
"ei",2787,8.07826086956522
"crandatapkgs",2533,8.06687898089172
"shinyLP",871,8.06481481481481
"RNHANES",756,8.04255319148936
"red",1037,8.03875968992248
"batchtools",418,8.03846153846154
"BayesianNetwork",1302,8.03703703703704
"textmining",763,8.03157894736842
"kntnr",345,8.02325581395349
"furniture",810,8.01980198019802
"jqr",2260,8.01418439716312
"Branching",1778,8.00900900900901
"ccdrAlgorithm",1119,7.99285714285714
"blendedLink",1707,7.97663551401869
"mapr",2688,7.97626112759644
"AMCP",2563,7.95962732919255
"BIOMASS",786,7.93939393939394
"IGM.MEA",2405,7.93729372937294
"bayesboot",2507,7.93354430379747
"RcmdrPlugin.FuzzyClust",928,7.93162393162393
"BigVAR",1788,7.91150442477876
"grpSLOPE",1966,7.89558232931727
"spongecake",276,7.88571428571429
"rmsfact",1796,7.87719298245614
"dagitty",2219,7.86879432624113
"LSAmitR",873,7.86486486486486
"rptR",770,7.85714285714286
"grex",1568,7.84
"AmyloGram",760,7.83505154639175
"postGIStools",1982,7.83399209486166
"EFS",1175,7.83333333333333
"LEAP",1780,7.80701754385965
"generalhoslem",1413,7.80662983425414
"Przewodnik",242,7.80645161290323
"diffobj",960,7.80487804878049
"ECctmc",2512,7.80124223602484
"mclcar",1145,7.7891156462585
"ubeR",536,7.76811594202899
"minimaxdesign",1963,7.75889328063241
"RtutoR",2273,7.75767918088737
"acebayes",1139,7.74829931972789
"rgho",2205,7.70979020979021
"rBayesianOptimization",1818,7.70338983050847
"ECharts2Shiny",1393,7.69613259668508
"Tcomp",569,7.68918918918919
"EmpiricalCalibration",2443,7.68238993710692
"pipeGS",330,7.67441860465116
"arrApply",2437,7.66352201257862
"adapr",406,7.66037735849057
"extremefit",1692,7.65610859728507
"rEDM",2296,7.65333333333333
"subprocess",237,7.64516129032258
"kml3d",2780,7.63736263736264
"ddpcr",2405,7.63492063492064
"icd",1998,7.62595419847328
"BetaBit",1660,7.61467889908257
"grr",2625,7.60869565217391
"evclass",1457,7.58854166666667
"KernelKnn",1311,7.57803468208092
"accelmissing",2112,7.56989247311828
"addhaz",2418,7.55625
"clustMixType",2319,7.55374592833876
"colorplaner",755,7.55
"anametrix",2737,7.51923076923077
"AUtests",2060,7.51824817518248
"darksky",743,7.50505050505051
"apa",983,7.50381679389313
"SqlRender",1020,7.5
"evclust",1620,7.5
"flock",390,7.5
"MixSIAR",1400,7.48663101604278
"robets",277,7.48648648648649
"rWind",202,7.48148148148148
"lmPerm",2676,7.47486033519553
"vdiffr",388,7.46153846153846
"BEACH",634,7.45882352941176
"jpmesh",358,7.45833333333333
"APtools",1416,7.45263157894737
"DSsim",2712,7.45054945054945
"RLumModel",2458,7.44848484848485
"doFuture",1391,7.43850267379679
"AdjBQR",446,7.43333333333333
"RcmdrPlugin.GWRM",2268,7.41176470588235
"mlt.docreg",2296,7.40645161290323
"ensembleR",711,7.40625
"ICSOutlier",74,7.4
"RcmdrPlugin.PcaRobust",732,7.39393939393939
"assortnet",2634,7.35754189944134
"raw",1095,7.3489932885906
"shinyTime",1211,7.33939393939394
"AdvBinomApps",1956,7.32584269662921
"mbclusterwise",278,7.31578947368421
"base64url",629,7.31395348837209
"Cyclops",1097,7.31333333333333
"DBEST",1695,7.30603448275862
"fiftystater",336,7.30434782608696
"ProbitSpatial",2168,7.2996632996633
"PResiduals",2657,7.29945054945055
"RBMRB",306,7.28571428571429
"imagine",204,7.28571428571429
"CollapsABEL",1959,7.28252788104089
"pstest",284,7.28205128205128
"cbsodataR",2512,7.28115942028986
"GSODR",1842,7.28063241106719
"jsonvalidate",1456,7.28
"elementR",888,7.27868852459016
"cointReg",1506,7.27536231884058
"ndjson",908,7.264
"NegBinBetaBinreg",311,7.23255813953488
"NestedCategBayesImpute",311,7.23255813953488
"designmatch",2430,7.23214285714286
"PBNPA",72,7.2
"stringb",431,7.18333333333333
"gdmp",653,7.17582417582418
"cyclocomp",2250,7.1656050955414
"plotwidgets",824,7.16521739130435
"rtide",837,7.15384615384615
"arc",815,7.14912280701754
"mscstexta4r",1421,7.14070351758794
"ldbod",764,7.14018691588785
"fontBitstreamVera",835,7.13675213675214
"strat",264,7.13513513513514
"hansard",342,7.125
"eAnalytics",1095,7.11038961038961
"countyweather",462,7.10769230769231
"convertr",547,7.1038961038961
"ropenaq",1264,7.10112359550562
"dCovTS",2099,7.09121621621622
"lavaan.shiny",2131,7.0797342192691
"bayesImageS",403,7.07017543859649
"sparsevar",1695,7.0625
"gdpc",353,7.06
"jose",1532,7.05990783410138
"ASSISTant",1705,7.04545454545455
"tableHTML",1317,7.0427807486631
"ACA",2075,7.03389830508475
"M4comp",2537,7.02770083102493
"spselect",857,7.02459016393443
"gmeta",2310,7.02127659574468
"fbRads",1879,7.01119402985075
"rfordummies",2550,7.00549450549451
"briskaR",560,7
"MHTdiscrete",497,7
"stringformattr",175,7
"farff",769,6.99090909090909
"idbr",2132,6.99016393442623
"future.BatchJobs",1305,6.97860962566845
"queuecomputer",314,6.97777777777778
"AcrossTic",976,6.97142857142857
"ShinyItemAnalysis",1247,6.96648044692737
"hashmap",1846,6.96603773584906
"rust",564,6.96296296296296
"CrossVA",348,6.96
"DecisionCurve",2441,6.95441595441595
"request",2513,6.94198895027624
"BayesPiecewiseICAR",1080,6.92307692307692
"valr",270,6.92307692307692
"Rdtq",263,6.92105263157895
"automultinomial",595,6.91860465116279
"Dowd",2192,6.91482649842271
"ARCensReg",1576,6.91228070175439
"designGLMM",2188,6.88050314465409
"bhm",542,6.86075949367089
"ritis",2151,6.85031847133758
"BioFTF",2161,6.83860759493671
"aucm",2473,6.81267217630854
"backblazer",2274,6.80838323353293
"geohash",1768,6.8
"autoimage",1428,6.8
"cthreshER",340,6.8
"tilegramsR",340,6.8
"dsmodels",333,6.79591836734694
"startup",265,6.79487179487179
"RGoogleFit",1685,6.79435483870968
"BDWreg",2398,6.79320113314448
"gridsampler",793,6.77777777777778
"comf",2033,6.77666666666667
"gower",962,6.77464788732394
"prcbench",2418,6.77310924369748
"BCSub",413,6.77049180327869
"BayesBinMix",1725,6.76470588235294
"htmltidy",743,6.75454545454545
"spectral",729,6.75
"monkeylearn",742,6.74545454545455
"rhnerm",182,6.74074074074074
"Watersheds",2386,6.74011299435028
"productivity",310,6.73913043478261
"ontologySimilarity",2372,6.73863636363636
"bridgedist",1698,6.73809523809524
"HWxtest",2412,6.73743016759777
"RcppNumerical",1682,6.728
"dbfaker",518,6.72727272727273
"imageData",1533,6.72368421052632
"bnnSurvival",2063,6.71986970684039
"Biograph",2357,6.71509971509971
"CluMix",2027,6.71192052980132
"jointNmix",322,6.70833333333333
"gtheory",402,6.7
"nimble",1849,6.69927536231884
"sNPLS",542,6.69135802469136
"condformat",1986,6.68686868686869
"aVirtualTwins",548,6.68292682926829
"blockseg",2335,6.67142857142857
"FTRLProximal",326,6.6530612244898
"compareDF",1975,6.64983164983165
"BarcodingR",1090,6.64634146341463
"spark.sas7bdat",279,6.64285714285714
"S2sls",2358,6.62359550561798
"ini",1827,6.6195652173913
"fdaPDE",2314,6.61142857142857
"scoringRules",1169,6.6045197740113
"sparsebn",864,6.59541984732824
"ParallelTree",1622,6.59349593495935
"erah",1706,6.58687258687259
"ebimetagenomics",494,6.58666666666667
"blackbox",1710,6.57692307692308
"qualtRics",480,6.57534246575342
"nucim",493,6.57333333333333
"sharpeRratio",552,6.57142857142857
"survAWKMT2",230,6.57142857142857
"TOSTER",138,6.57142857142857
"MeanShift",2167,6.56666666666667
"LatentREGpp",420,6.5625
"permutations",2263,6.55942028985507
"mvtboost",2384,6.54945054945055
"aspi",654,6.54
"DeLorean",1687,6.53875968992248
"ragtop",608,6.53763440860215
"httping",2365,6.53314917127072
"concordance",2311,6.52824858757062
"googleformr",2341,6.52089136490251
"blkbox",939,6.52083333333333
"Barycenter",652,6.52
"imputeTestbench",1669,6.51953125
"oii",580,6.51685393258427
"sofa",508,6.51282051282051
"after",1125,6.5028901734104
"rForest",143,6.5
"onlineCPD",838,6.49612403100775
"mdsr",799,6.49593495934959
"energyr",1026,6.49367088607595
"osmplotr",1961,6.49337748344371
"btb",909,6.49285714285714
"banxicoR",870,6.49253731343284
"igraphinshiny",2246,6.49132947976879
"asymLD",2174,6.48955223880597
"arabicStemR",1356,6.48803827751196
"Corbi",1343,6.48792270531401
"dtables",1492,6.48695652173913
"ontologyPlot",2292,6.47457627118644
"enveomics.R",2285,6.47308781869688
"fragilityindex",550,6.47058823529412
"MODISSnow",110,6.47058823529412
"srvyr",2258,6.46991404011461
"placement",1009,6.46794871794872
"pals",97,6.46666666666667
"bigFastlm",549,6.45882352941176
"BalanceCheck",678,6.45714285714286
"BayesTreePrior",1652,6.453125
"geojsonlint",1284,6.45226130653266
"matconv",2270,6.44886363636364
"Gmedian",1791,6.44244604316547
"CRTgeeDR",2245,6.43266475644699
"cmna",2115,6.42857142857143
"ProFit",591,6.42391304347826
"requireR",122,6.42105263157895
"downsize",635,6.41414141414141
"dynr",1308,6.41176470588235
"marima",1731,6.41111111111111
"trackeR",2063,6.40683229813665
"PortfolioEffectEstim",2332,6.40659340659341
"MetaIntegrator",941,6.40136054421769
"BinaryEMVS",2253,6.40056818181818
"bgmfiles",1043,6.39877300613497
"gym",422,6.39393939393939
"PSF",1790,6.39285714285714
"rplexos",2323,6.38186813186813
"edstan",938,6.38095238095238
"brm",663,6.375
"IMFData",867,6.375
"psoptim",2129,6.37425149700599
"WHO",2097,6.37386018237082
"FinAna",325,6.37254901960784
"microplot",1217,6.3717277486911
"AntAngioCOOL",955,6.36666666666667
"kokudosuuchi",331,6.36538461538461
"GenCAT",2315,6.35989010989011
"ChannelAttributionApp",1990,6.35782747603834
"npROCRegression",1227,6.35751295336788
"cablecuttr",413,6.35384615384615
"shinyFeedback",108,6.35294117647059
"bastah",1480,6.3519313304721
"peakRAM",978,6.35064935064935
"netdiffuseR",2006,6.34810126582278
"CepLDA",2199,6.3371757925072
"iemisc",2059,6.33538461538462
"DiversityOccupancy",1875,6.33445945945946
"geoparser",1127,6.3314606741573
"cmprskQR",2184,6.3304347826087
"Greg",1745,6.32246376811594
"europepmc",1074,6.31764705882353
"catdap",2002,6.31545741324921
"diagis",384,6.29508196721311
"fdapace",1838,6.29452054794521
"melviewr",151,6.29166666666667
"AhoCorasickTrie",968,6.28571428571429
"aws.alexa",1319,6.28095238095238
"tmod",2281,6.26648351648352
"uiucthemes",401,6.265625
"BigSEM",570,6.26373626373626
"ChaosGame",1948,6.26366559485531
"MatrixCorrelation",1808,6.2560553633218
"MDMR",2108,6.25519287833828
"meteoland",550,6.25
"eiCompare",2242,6.24512534818941
"dynOmics",312,6.24
"icarus",1896,6.23684210526316
"rlo",212,6.23529411764706
"coenoflex",2213,6.23380281690141
"housingData",1795,6.23263888888889
"MCI",1899,6.22622950819672
"inlmisc",647,6.22115384615385
"genie",1847,6.21885521885522
"reactR",342,6.21818181818182
"NFP",752,6.21487603305785
"biogeo",1652,6.21052631578947
"BACCT",1160,6.20320855614973
"SIDES",1302,6.2
"FuzzyR",576,6.19354838709677
"aimPlot",1559,6.18650793650794
"stpm",2006,6.17230769230769
"bigstep",395,6.171875
"quarrint",222,6.16666666666667
"easypackages",2078,6.16617210682493
"algorithmia",758,6.16260162601626
"BeviMed",1485,6.16182572614108
"spbabel",1170,6.15789473684211
"ibmcraftr",862,6.15714285714286
"exifr",2025,6.15501519756839
"discgolf",1549,6.1468253968254
"advclust",719,6.14529914529915
"FamEvent",1995,6.13846153846154
"HTSSIP",356,6.13793103448276
"simstudy",1178,6.13541666666667
"ITGM",877,6.13286713286713
"respirometry",790,6.12403100775194
"gaussfacts",1187,6.11855670103093
"NetworkComparisonTest",697,6.1140350877193
"MethodCompare",482,6.10126582278481
"mscsweblm4r",1378,6.09734513274336
"NetRep",938,6.09090909090909
"originr",1440,6.07594936708861
"getlandsat",826,6.07352941176471
"imputeMulti",1445,6.07142857142857
"exteriorMatch",303,6.06
"brea",515,6.05882352941176
"DrugClust",2096,6.05780346820809
"rdpla",466,6.05194805194805
"codingMatrices",1960,6.04938271604938
"convey",1143,6.04761904761905
"intubate",948,6.03821656050955
"paintmap",730,6.03305785123967
"tutorial",1755,6.03092783505155
"bdpopt",1658,6.02909090909091
"ggloop",428,6.02816901408451
"eechidna",1330,6.01809954751131
"boxoffice",896,6.01342281879195
"rdatacite",1935,6.00931677018634
"lightsout",2166,6
"feedeR",822,6
"ROpenWeatherMap",1732,5.99307958477509
"SensMixed",2178,5.98351648351648
"xyloplot",1675,5.98214285714286
"ids",329,5.98181818181818
"roahd",1536,5.97665369649805
"DataClean",1673,5.975
"etseed",675,5.97345132743363
"RYandexTranslate",1821,5.97049180327869
"BTR",1128,5.96825396825397
"ggpolypath",847,5.96478873239437
"autoSEM",1323,5.95945945945946
"ratesci",280,5.95744680851064
"DiffusionRjgqd",2025,5.95588235294118
"HIBPwned",1259,5.93867924528302
"simputation",659,5.93693693693694
"estatapi",1650,5.93525179856115
"braQCA",1653,5.9247311827957
"PGEE",2038,5.92441860465116
"dChipIO",2084,5.92045454545455
"plsVarSel",1622,5.91970802919708
"photobiologyWavebands",1953,5.91818181818182
"calibrar",1875,5.91482649842271
"BigQuic",1431,5.91322314049587
"MendelianRandomization",715,5.90909090909091
"rgeospatialquality",1092,5.9027027027027
"gsEasy",2084,5.88700564971751
"engsoccerdata",1177,5.885
"BayesH",1583,5.88475836431227
"soc.ca",2142,5.88461538461539
"GESE",864,5.87755102040816
"bayesbio",1293,5.87727272727273
"detzrcr",1081,5.875
"extremeStat",1362,5.87068965517241
"photobiologyInOut",1291,5.86818181818182
"binst",1314,5.86607142857143
"riem",1261,5.86511627906977
"MEGENA",1008,5.86046511627907
"QCEWAS",1289,5.85909090909091
"KScorrect",1675,5.85664335664336
"sbtools",1112,5.85263157894737
"exp2flux",468,5.85
"diffrprojects",310,5.84905660377358
"cdom",1760,5.84717607973422
"etrunct",1045,5.83798882681564
"edfReader",1909,5.83792048929664
"GraphFactor",432,5.83783783783784
"RFc",1481,5.83070866141732
"boostmtree",1673,5.82926829268293
"easyreg",454,5.82051282051282
"bdrift",2019,5.81844380403458
"IntegratedMRF",1493,5.80933852140078
"fitplc",418,5.80555555555556
"dataone",1834,5.80379746835443
"machina",1549,5.80149812734082
"BioPET",1050,5.80110497237569
"icpsrdata",1293,5.79820627802691
"mousetrap",1658,5.7972027972028
"ZeligEI",1252,5.7962962962963
"BWStest",1535,5.79245283018868
"endogenous",359,5.79032258064516
"bpa",1586,5.78832116788321
"PdPDB",243,5.78571428571429
"DOT",1492,5.78294573643411
"DiffusionRimp",1185,5.78048780487805
"globe",2028,5.77777777777778
"fakeR",1253,5.7741935483871
"solvebio",381,5.77272727272727
"fractional",1881,5.76993865030675
"FlowScreen",1649,5.76573426573427
"ockc",219,5.76315789473684
"PTXQC",461,5.7625
"readbulk",1844,5.7625
"BKPC",1769,5.76221498371336
"modEvA",967,5.75595238095238
"SafeQuant",2072,5.75555555555556
"ISR3",443,5.75324675324675
"CorrToolBox",937,5.74846625766871
"HARtools",293,5.74509803921569
"countytimezones",1160,5.74257425742574
"BaPreStoPro",1180,5.72815533980583
"gunsales",1747,5.72786885245902
"customizedTraining",1844,5.72670807453416
"cryst",418,5.72602739726027
"esc",1002,5.72571428571429
"FuzzyAHP",1534,5.72388059701493
"MSCMT",904,5.72151898734177
"combiter",543,5.71578947368421
"gcerisk",1886,5.71515151515151
"ecr",737,5.71317829457364
"rangeBuilder",2056,5.71111111111111
"neuropsychology",571,5.71
"LEANR",274,5.70833333333333
"clogitLasso",856,5.70666666666667
"fastGraph",1854,5.70461538461538
"labstats",2002,5.7037037037037
"CUFF",1591,5.70250896057348
"gemlog",285,5.7
"gitgadget",604,5.69811320754717
"GLMMRR",1686,5.69594594594595
"earthtones",683,5.69166666666667
"ctmcd",773,5.68382352941176
"ggdmc",358,5.68253968253968
"nproc",1824,5.68224299065421
"DRaWR",1869,5.68085106382979
"RSIP",284,5.68
"clust.bin.pair",369,5.67692307692308
"GiniWegNeg",1992,5.67521367521368
"Perc",2065,5.67307692307692
"BonEV",1819,5.66666666666667
"bib2df",810,5.66433566433566
"kantorovich",1982,5.66285714285714
"DTRreg",1675,5.65878378378378
"Rexperigen",1731,5.65686274509804
"ZillowR",1578,5.65591397849462
"mrMLM",1742,5.65584415584416
"Counterfactual",565,5.65
"BPEC",1513,5.6455223880597
"FREGAT",1716,5.64473684210526
"exreport",2054,5.64285714285714
"bioplots",1168,5.64251207729469
"rr",2052,5.63736263736264
"emdi",293,5.63461538461539
"RZabbix",1397,5.63306451612903
"Calculator.LR.FNs",1515,5.63197026022305
"Trading",647,5.62608695652174
"surveybootstrap",1361,5.62396694214876
"IMak",1895,5.62314540059347
"LabourMarketAreas",489,5.62068965517241
"phylopath",483,5.61627906976744
"otrimle",483,5.61627906976744
"braidReports",1578,5.61565836298932
"DisimForMixed",1634,5.61512027491409
"BuyseTest",758,5.61481481481481
"opencage",1302,5.61206896551724
"MCMCvis",477,5.61176470588235
"iemiscdata",1851,5.60909090909091
"RSCABS",768,5.60583941605839
"flan",1176,5.6
"curry",515,5.59782608695652
"variables",1762,5.59365079365079
"livechatR",1728,5.59223300970874
"g2f",464,5.59036144578313
"CommEcol",860,5.58441558441558
"resampledata",1116,5.58
"metaheur",2014,5.56353591160221
"hkevp",1541,5.56317689530686
"deductive",1626,5.54948805460751
"CDF.PSIdekick",760,5.54744525547445
"ROI.plugin.lpsolve",61,5.54545454545455
"wCorr",1252,5.53982300884956
"ph2mult",720,5.53846153846154
"ramcmc",166,5.53333333333333
"gettz",614,5.53153153153153
"remoter",1824,5.52727272727273
"goldi",409,5.52702702702703
"bikeshare14",724,5.52671755725191
"FDRsampsize",1934,5.52571428571429
"cancerGI",1486,5.52416356877323
"BoardGames",911,5.52121212121212
"sparsebnUtils",1352,5.51836734693878
"bundesligR",756,5.51824817518248
"plater",469,5.51764705882353
"fullfact",1887,5.51754385964912
"lexRankr",854,5.50967741935484
"coRanking",573,5.50961538461539
"conclust",1041,5.50793650793651
"dfphase1",539,5.5
"shazam",1721,5.49840255591054
"burnr",951,5.4971098265896
"RChronoModel",1285,5.49145299145299
"bibliospec",999,5.48901098901099
"msmtools",1361,5.48790322580645
"rtrim",170,5.48387096774194
"pvar",1996,5.48351648351648
"CONDOP",1699,5.48064516129032
"generalCorr",1326,5.47933884297521
"geneSLOPE",1819,5.4789156626506
"bkmr",997,5.47802197802198
"badgecreatr",986,5.47777777777778
"IHSEP",734,5.47761194029851
"LTRCtrees",1095,5.475
"moveWindSpeed",394,5.47222222222222
"diffrprojectswidget",290,5.47169811320755
"pirate",290,5.47169811320755
"gWQS",383,5.47142857142857
"PhyInformR",257,5.46808510638298
"CalibrateSSB",1345,5.46747967479675
"birdnik",749,5.46715328467153
"speaq2",246,5.46666666666667
"censorcopula",1596,5.46575342465753
"distance.sample.size",1852,5.46312684365782
"bigtcr",355,5.46153846153846
"MANOVA.RM",999,5.45901639344262
"MGLM",1915,5.45584045584046
"cdlTools",818,5.45333333333333
"FuzzyMCDM",627,5.45217391304348
"s2",305,5.44642857142857
"biotic",1377,5.44268774703557
"mtconnectR",1610,5.43918918918919
"braidrm",1615,5.43771043771044
"okcupiddata",723,5.43609022556391
"ggghost",788,5.43448275862069
"shinyDND",1032,5.43157894736842
"catlearn",727,5.42537313432836
"horseshoe",282,5.42307692307692
"corlink",385,5.42253521126761
"tigreBrowserWriter",352,5.41538461538462
"DRR",574,5.41509433962264
"MetaAnalyser",758,5.41428571428571
"hopbyhop",1862,5.41279069767442
"fitcoach",1379,5.4078431372549
"CorrectOverloadedPeaks",870,5.40372670807453
"dlstats",1021,5.4021164021164
"PredictTestbench",1280,5.40084388185654
"MakefileR",1928,5.40056022408964
"fizzbuzzR",340,5.3968253968254
"freesurfer",615,5.39473684210526
"EBASS",480,5.39325842696629
"dotCall64",453,5.39285714285714
"GauPro",426,5.39240506329114
"CrossClustering",1487,5.38768115942029
"GRS.test",571,5.38679245283019
"deBInfer",576,5.38317757009346
"r2glmm",570,5.37735849056604
"densratio",1484,5.3768115942029
"rccmisc",1102,5.37560975609756
"minval",1704,5.37539432176656
"radiant",1703,5.37223974763407
"Chaos01",881,5.3719512195122
"intercure",1896,5.37110481586402
"icRSF",1853,5.37101449275362
"errint",1858,5.36994219653179
"CDROM",1514,5.36879432624113
"seleniumPipes",687,5.3671875
"forega",1948,5.366391184573
"MatrixLDA",327,5.36065573770492
"ctl",536,5.36
"misreport",134,5.36
"microseq",836,5.35897435897436
"DPBBM",493,5.35869565217391
"geoGAM",332,5.35483870967742
"chi",969,5.35359116022099
"matchMulti",1680,5.35031847133758
"futureheatwaves",1498,5.35
"DamiaNN",567,5.34905660377358
"DrBats",1203,5.34666666666667
"convertGraph",1374,5.34630350194552
"OptimalDesign",823,5.34415584415584
"easyformatr",1400,5.34351145038168
"censusGeography",657,5.34146341463415
"Cite",956,5.34078212290503
"rtext",315,5.33898305084746
"carpenter",822,5.33766233766234
"LPR",1889,5.3361581920904
"flexrsurv",1323,5.33467741935484
"face",1312,5.33333333333333
"covafillr",1657,5.32797427652733
"MBC",410,5.32467532467532
"iRafNet",1793,5.32047477744807
"RndTexExams",1744,5.31707317073171
"BootWPTOS",973,5.31693989071038
"OSMscale",691,5.31538461538462
"lintools",1823,5.31486880466472
"DiallelAnalysisR",1408,5.31320754716981
"changepoint.np",935,5.3125
"BivUnifBin",818,5.31168831168831
"as.color",1025,5.31088082901554
"rxSeq",154,5.31034482758621
"colorSpec",1216,5.31004366812227
"IsoriX",584,5.30909090909091
"FMP",1789,5.30860534124629
"gesca",1607,5.3036303630363
"LiblineaR.ACF",1914,5.30193905817174
"GFA",424,5.3
"read.dbc",1086,5.29756097560976
"mgarchBEKK",1603,5.29042904290429
"RMediation",1920,5.28925619834711
"SpadeR",608,5.28695652173913
"phrasemachine",354,5.28358208955224
"MDplot",1706,5.28173374613003
"ragt2ridges",1230,5.27896995708154
"spduration",1920,5.27472527472527
"gamreg",443,5.27380952380952
"inctools",1191,5.26991150442478
"overlapping",1881,5.26890756302521
"expandFunctions",474,5.26666666666667
"EMSC",1443,5.26642335766423
"corehunter",458,5.26436781609195
"csp",942,5.26256983240223
"geneNetBP",1510,5.26132404181185
"DNAseqtest",1473,5.26071428571429
"scan",405,5.25974025974026
"fuzzyforest",1661,5.25632911392405
"ChangepointTesting",1156,5.25454545454545
"serial",1697,5.25386996904025
"waterfall",1807,5.25290697674419
"inpdfr",1627,5.24838709677419
"preproviz",1868,5.24719101123596
"climextRemes",745,5.24647887323944
"WEE",236,5.24444444444444
"ClusterRankTest",1290,5.24390243902439
"DstarM",645,5.24390243902439
"mdhglm",1505,5.24390243902439
"binsmooth",734,5.24285714285714
"patPRO",1908,5.24175824175824
"collUtils",1435,5.23722627737226
"COCONUT",1042,5.23618090452261
"InspectChangepoint",979,5.23529411764706
"DetR",1628,5.23472668810289
"ROI.plugin.nloptr",1010,5.23316062176166
"robotstxt",1706,5.23312883435583
"ores",1862,5.23033707865169
"rrefine",1385,5.22641509433962
"GGMridge",1734,5.22289156626506
"heuristica",1013,5.22164948453608
"rsq",1133,5.22119815668203
"smapr",449,5.22093023255814
"GORCure",1477,5.21908127208481
"gglogo",960,5.21739130434783
"rmcfs",1439,5.21376811594203
"sfinx",1042,5.21
"tinsel",224,5.2093023255814
"ClusteredMutations",1276,5.20816326530612
"qrmdata",1118,5.2
"MullerPlot",369,5.19718309859155
"gsrc",1091,5.1952380952381
"jwutil",379,5.19178082191781
"landscapeR",1152,5.18918918918919
"episheet",633,5.18852459016393
"PowerUpR",306,5.1864406779661
"pewdata",1198,5.18614718614719
"tempR",959,5.18378378378378
"nmfgpu4R",1275,5.18292682926829
"grpss",1876,5.18232044198895
"emon",513,5.18181818181818
"Radviz",114,5.18181818181818
"gds",1373,5.1811320754717
"bife",797,5.17532467532468
"REAT",1278,5.17408906882591
"Qtools",1707,5.17272727272727
"VARSEDIG",1862,5.17222222222222
"rpostgisLT",305,5.16949152542373
"scrubr",1556,5.16943521594684
"CovSelHigh",1281,5.16532258064516
"PACVB",1704,5.16363636363636
"linear.tools",1146,5.16216216216216
"GHap",1249,5.16115702479339
"denoiseR",810,5.15923566878981
"riverdist",1083,5.15714285714286
"PAC",1443,5.15357142857143
"mhtboot",309,5.15
"qiitr",247,5.14583333333333
"xyz",283,5.14545454545455
"miCoPTCM",1770,5.1453488372093
"MIDN",324,5.14285714285714
"rmdshower",1450,5.14184397163121
"qfasar",653,5.14173228346457
"quickReg",1552,5.13907284768212
"fixedTimeEvents",457,5.13483146067416
"DEMOVA",1489,5.13448275862069
"ph2bye",806,5.13375796178344
"nomogramEx",154,5.13333333333333
"weightr",1283,5.132
"edf",1293,5.13095238095238
"gbutils",1831,5.12885154061625
"InformativeCensoring",718,5.12857142857143
"RmarineHeatWaves",1046,5.12745098039216
"TreeBUGS",605,5.1271186440678
"CombinePortfolio",1051,5.12682926829268
"xVA",1767,5.12173913043478
"PenCoxFrail",1485,5.12068965517241
"DMRMark",594,5.12068965517241
"elasticIsing",563,5.11818181818182
"RDota2",307,5.11666666666667
"DCODE",1504,5.1156462585034
"decision",1376,5.11524163568773
"powerbydesign",1375,5.11152416356877
"GEint",460,5.11111111111111
"elhmc",475,5.10752688172043
"macc",286,5.10714285714286
"WikiSocio",1588,5.10610932475884
"rrecsys",1369,5.08921933085502
"gTests",458,5.08888888888889
"PRISMAstatement",402,5.08860759493671
"FreqProf",1744,5.08454810495627
"ROI.plugin.cplex",971,5.08376963350785
"uqr",305,5.08333333333333
"CP",1850,5.08241758241758
"bitrugs",1113,5.08219178082192
"binford",767,5.0794701986755
"ChIPtest",827,5.07361963190184
"dendrometeR",1466,5.07266435986159
"oceanmap",633,5.064
"poliscidata",334,5.06060606060606
"IntNMF",1265,5.06
"humarray",1523,5.05980066445183
"DrillR",931,5.05978260869565
"envirem",526,5.05769230769231
"rpsftm",546,5.05555555555556
"RPtests",970,5.05208333333333
"elexr",1667,5.05151515151515
"openadds",742,5.04761904761905
"ICGOR",1428,5.04593639575972
"phyloTop",1735,5.04360465116279
"ergm.ego",1402,5.0431654676259
"compete",988,5.04081632653061
"CHFF",1098,5.03669724770642
"MiRAnorm",287,5.03508771929825
"EMMLi",1042,5.03381642512077
"rosetteApi",1117,5.03153153153153
"eyelinker",1272,5.02766798418972
"GeNetIt",1483,5.0271186440678
"SpaCCr",186,5.02702702702703
"cssTools",995,5.02525252525253
"gdns",452,5.02222222222222
"cointmonitoR",999,5.02010050251256
"softmaxreg",556,5.00900900900901
"EpiWeek",1232,5.00813008130081
"haploReconstruct",405,5
"UStatBookABSC",10,5
"simmer.plot",10,5
"RKEELjars",1704,4.99706744868035
"geotech",1599,4.996875
"Evomorph",1538,4.99350649350649
"dHSIC",1513,4.99339933993399
"wordspace",684,4.99270072992701
"optimr",674,4.99259259259259
"ecdfHT",599,4.99166666666667
"QFASA",1083,4.99078341013825
"deadband",543,4.98165137614679
"rdian",1808,4.98071625344353
"Planesmuestra",239,4.97916666666667
"pollen",443,4.97752808988764
"hybridModels",1717,4.9768115942029
"edfun",622,4.976
"ctqr",651,4.96946564885496
"clusternomics",750,4.96688741721854
"jmuOutlier",1529,4.96428571428571
"ie2misc",799,4.96273291925466
"devRate",605,4.95901639344262
"ViSiElse",1749,4.95467422096317
"bgsmtr",426,4.95348837209302
"crsnls",1301,4.9467680608365
"multipanelfigure",989,4.945
"nlstimedist",539,4.94495412844037
"ICAOD",702,4.94366197183099
"SALES",1740,4.94318181818182
"metricTester",1364,4.94202898550725
"COUSCOus",1512,4.94117647058824
"XRSCC",237,4.9375
"metacoder",617,4.936
"nomadlist",903,4.9344262295082
"clusterhap",1125,4.93421052631579
"ph2bayes",1712,4.93371757925072
"mosaicQA",513,4.93269230769231
"DensParcorr",1307,4.93207547169811
"LNIRT",419,4.92941176470588
"RRedshiftSQL",527,4.92523364485981
"enrichwith",709,4.92361111111111
"msaFACE",256,4.92307692307692
"LCMCR",1598,4.91692307692308
"DODR",1052,4.91588785046729
"concatenate",1160,4.91525423728814
"RSSL",521,4.91509433962264
"JWileymisc",629,4.9140625
"wrswoR.benchmark",1581,4.90993788819876
"EnvCpt",378,4.90909090909091
"EffectStars2",589,4.90833333333333
"crtests",1094,4.90582959641256
"rucrdtw",260,4.90566037735849
"gbts",407,4.90361445783132
"NUCOMBog",1274,4.9
"scs",1521,4.89067524115756
"HiCglmi",357,4.89041095890411
"shades",1755,4.88857938718663
"SimInf",1740,4.8876404494382
"MEclustnet",381,4.88461538461539
"PersomicsArray",459,4.88297872340426
"dnc",1118,4.882096069869
"fastLSU",493,4.88118811881188
"mctest",898,4.8804347826087
"ROpenFIGI",1020,4.88038277511962
"GiRaF",1512,4.87741935483871
"sbrl",965,4.87373737373737
"sticky",463,4.87368421052632
"subcopem2D",1213,4.8714859437751
"VWPre",1144,4.86808510638298
"starmie",258,4.86792452830189
"cocoreg",1167,4.8625
"itcSegment",1483,4.86229508196721
"soql",1443,4.85858585858586
"DoTC",947,4.85641025641026
"IDSpatialStats",1141,4.85531914893617
"DidacticBoost",1238,4.85490196078431
"fmrs",1348,4.84892086330935
"largeList",785,4.84567901234568
"sourceR",1221,4.84523809523809
"GoodmanKruskal",1468,4.84488448844884
"rprev",1002,4.84057971014493
"hetmeta",1176,4.83950617283951
"iemisctext",658,4.83823529411765
"sparsesvd",1277,4.83712121212121
"photobiologyLamps",324,4.83582089552239
"pubprint",1629,4.83382789317507
"R6Frame",1029,4.83098591549296
"kmlShape",1449,4.83
"RKEEL",1613,4.82934131736527
"clikcorr",1013,4.82380952380952
"glmbb",1259,4.82375478927203
"vegalite",1360,4.82269503546099
"photobiologyLEDs",323,4.82089552238806
"weco",188,4.82051282051282
"hypothesisr",964,4.82
"MixedDataImpute",1576,4.81957186544343
"CosW",800,4.81927710843374
"fishkirkko2015",501,4.81730769230769
"gencve",1262,4.81679389312977
"UBL",1194,4.81451612903226
"glmmsr",1425,4.81418918918919
"smotefamily",544,4.8141592920354
"reinstallr",698,4.81379310344828
"RCA",1752,4.81318681318681
"exploreR",1559,4.81172839506173
"ExpDE",1342,4.81003584229391
"EconDemand",808,4.80952380952381
"expss",841,4.80571428571429
"DLASSO",706,4.80272108843537
"prototest",1680,4.8
"DCG",984,4.8
"endtoend",528,4.8
"icesSAG",686,4.7972027972028
"Conigrave",945,4.79695431472081
"papayar",1112,4.79310344827586
"nprobust",254,4.79245283018868
"qtlc",1730,4.79224376731302
"IntClust",1313,4.79197080291971
"ptest",230,4.79166666666667
"PBIBD",608,4.78740157480315
"hextri",1206,4.78571428571429
"midastouch",1684,4.78409090909091
"powerplus",1483,4.78387096774194
"EMSaov",655,4.78102189781022
"rRAP",392,4.78048780487805
"zoocat",239,4.78
"StructFDR",282,4.77966101694915
"InterpretMSSpectrum",549,4.77391304347826
"slim",253,4.77358490566038
"HKprocess",1670,4.77142857142857
"spdplyr",730,4.77124183006536
"FPCA2D",563,4.77118644067797
"nonmem2R",1111,4.76824034334764
"shinytoastr",987,4.76811594202899
"DengueRT",1101,4.76623376623377
"poptrend",81,4.76470588235294
"structree",81,4.76470588235294
"mmppr",1686,4.76271186440678
"openVA",1394,4.75767918088737
"EmiStatR",761,4.75625
"msaenet",480,4.75247524752475
"correctedAUC",874,4.75
"diskImageR",1277,4.74721189591078
"spellcheckr",299,4.74603174603175
"QICD",1447,4.74426229508197
"LassoBacktracking",1233,4.74230769230769
"FMsmsnReg",1304,4.74181818181818
"mvdalab",1256,4.73962264150943
"lmem.qtler",1128,4.73949579831933
"GSMX",417,4.73863636363636
"npmr",1535,4.73765432098765
"rnpn",1203,4.73622047244094
"MMDai",502,4.73584905660377
"htdp",483,4.73529411764706
"kernscr",1141,4.7344398340249
"XR",587,4.73387096774194
"WRTDStidal",246,4.73076923076923
"rel",719,4.73026315789474
"mvnTest",1532,4.72839506172839
"irtDemo",1157,4.72244897959184
"rhoR",340,4.72222222222222
"triangulation",288,4.72131147540984
"genomeplot",1175,4.71887550200803
"fourierin",1057,4.71875
"MHTrajectoryR",1401,4.71717171717172
"unsystation",349,4.71621621621622
"DREGAR",863,4.71584699453552
"microclass",641,4.71323529411765
"belex",692,4.70748299319728
"SNscan",1628,4.70520231213873
"prodigenr",1148,4.70491803278689
"ShapePattern",1162,4.70445344129555
"decoder",1049,4.70403587443946
"lowmemtkmeans",536,4.70175438596491
"RStripe",789,4.69642857142857
"optDesignSlopeInt",1225,4.69348659003831
"hyperSMURF",657,4.69285714285714
"TANDEM",962,4.69268292682927
"karaoke",1417,4.69205298013245
"scdhlm",441,4.69148936170213
"JointModel",957,4.69117647058824
"ergm.rank",1280,4.68864468864469
"lettercase",1410,4.6843853820598
"RAC",356,4.68421052631579
"rgeoapi",281,4.68333333333333
"preText",384,4.68292682926829
"jtGWAS",955,4.68137254901961
"junr",1296,4.67870036101083
"hypoparsr",538,4.67826086956522
"IRATER",304,4.67692307692308
"IAPWS95",528,4.67256637168142
"RKEELdata",1612,4.67246376811594
"SSL",1069,4.66812227074236
"rt3",112,4.66666666666667
"magree",98,4.66666666666667
"MVLM",919,4.66497461928934
"covsep",1572,4.6646884272997
"imp4p",625,4.66417910447761
"treeplyr",1408,4.66225165562914
"macleish",951,4.66176470588235
"FUNTA",1254,4.66171003717472
"LindleyR",1030,4.6606334841629
"EvaluationMeasures",727,4.66025641025641
"fromo",1253,4.65799256505576
"rFSA",340,4.65753424657534
"mpr",652,4.65714285714286
"growthrates",1355,4.65635738831615
"RobustGaSP",735,4.65189873417722
"edgeCorr",1344,4.65051903114187
"predictionInterval",609,4.64885496183206
"fasteraster",753,4.64814814814815
"EXRQ",818,4.64772727272727
"RSmartlyIO",818,4.64772727272727
"rscorecard",1296,4.64516129032258
"semtree",65,4.64285714285714
"GEEaSPU",724,4.64102564102564
"ionr",1499,4.64086687306502
"QRAGadget",450,4.63917525773196
"Rdice",450,4.63917525773196
"GAMens",1664,4.63509749303621
"xlutils3",556,4.63333333333333
"preprosim",1000,4.62962962962963
"titrationCurves",1494,4.62538699690402
"modes",1517,4.625
"simLife",985,4.62441314553991
"stripless",1549,4.62388059701493
"fpa",559,4.6198347107438
"DySeq",1182,4.6171875
"gogamer",521,4.61061946902655
"SpATS",710,4.61038961038961
"recexcavAAR",470,4.6078431372549
"tadaatoolbox",1479,4.60747663551402
"KSD",806,4.60571428571429
"NEArender",1169,4.60236220472441
"poio",276,4.6
"inca",685,4.59731543624161
"fuzzr",855,4.59677419354839
"IPtoCountry",740,4.59627329192547
"sizeMat",740,4.59627329192547
"Rga4gh",239,4.59615384615385
"platetools",933,4.59605911330049
"wand",625,4.59558823529412
"rcbsubset",1452,4.59493670886076
"horizon",510,4.59459459459459
"funData",758,4.59393939393939
"QQperm",436,4.58947368421053
"SPEDInstabR",858,4.58823529411765
"mateable",1393,4.58223684210526
"timelineS",623,4.58088235294118
"sBIC",412,4.57777777777778
"nasadata",1084,4.57383966244726
"rfml",1308,4.57342657342657
"IncucyteDRC",1143,4.572
"IRTpp",1539,4.56676557863501
"efreadr",1356,4.56565656565657
"lmeresampler",767,4.56547619047619
"gem",671,4.56462585034014
"osd",1346,4.56271186440678
"kzfs",593,4.56153846153846
"supervisedPRIM",593,4.56153846153846
"GRAPE",579,4.55905511811024
"gapfill",1093,4.55416666666667
"malani",428,4.5531914893617
"murphydiagram",1516,4.55255255255255
"robmed",496,4.55045871559633
"QGglmm",769,4.55029585798817
"LRTH",1383,4.54934210526316
"evidenceFactors",582,4.546875
"StableEstim",1655,4.5467032967033
"msltrend",1604,4.54390934844193
"neat",1145,4.54365079365079
"rslp",745,4.54268292682927
"NPflow",1122,4.54251012145749
"MIAmaxent",495,4.54128440366972
"sgee",336,4.54054054054054
"hkclustering",481,4.5377358490566
"validann",735,4.53703703703704
"TDPanalysis",331,4.53424657534247
"ROI.plugin.ipop",875,4.53367875647668
"Ramble",1011,4.53363228699552
"NMI",602,4.52631578947368
"utiml",1204,4.52631578947368
"relabeLoadings",172,4.52631578947368
"gwdegree",801,4.52542372881356
"noncompliance",1457,4.52484472049689
"Wmisc",95,4.52380952380952
"ramsvm",1547,4.5233918128655
"jocre",389,4.52325581395349
"scanstatistics",416,4.52173913043478
"TestFunctions",425,4.52127659574468
"reddPrec",1532,4.51917404129794
"ROI.plugin.ecos",872,4.51813471502591
"linERR",1405,4.51768488745981
"knotR",411,4.51648351648352
"testassay",140,4.51612903225806
"lifecourse",1156,4.515625
"vaersvax",1133,4.51394422310757
"ptstem",501,4.51351351351351
"mexhaz",1056,4.51282051282051
"ie2miscdata",731,4.51234567901235
"gensphere",1015,4.51111111111111
"Fuzzy.p.value",654,4.51034482758621
"gmDatabase",888,4.50761421319797
"KnapsackSampling",338,4.50666666666667
"GameTheoryAllocation",712,4.50632911392405
"rodeo",1122,4.50602409638554
"RFinfer",910,4.5049504950495
"SafeBayes",991,4.50454545454545
"plotMElm",1054,4.5042735042735
"kamila",599,4.50375939849624
"synthACS",851,4.5026455026455
"md",1409,4.50159744408946
"osi",864,4.5
"restrictedMVN",9,4.5
"machQA",930,4.49275362318841
"rakeR",458,4.49019607843137
"represtools",862,4.48958333333333
"mason",754,4.48809523809524
"Rearrangement",1476,4.48632218844985
"smoothAPC",462,4.48543689320388
"TCGAretriever",758,4.48520710059172
"falconx",1130,4.48412698412698
"glmBfp",825,4.48369565217391
"vaersNDvax",1125,4.48207171314741
"forestinventory",793,4.48022598870056
"fdcov",878,4.47959183673469
"rankFD",1084,4.47933884297521
"MortHump",698,4.47435897435897
"tigger",917,4.47317073170732
"SequenceAnalysis",635,4.47183098591549
"regspec",1073,4.47083333333333
"haplotyper",1198,4.47014925373134
"wrswoR",1394,4.46794871794872
"distdrawr",460,4.46601941747573
"treeHFM",920,4.46601941747573
"xtractomatic",384,4.46511627906977
"spftir",272,4.45901639344262
"nzelect",758,4.45882352941176
"multiCA",379,4.45882352941176
"JOUSBoost",486,4.45871559633028
"rdefra",905,4.45812807881773
"skeleSim",477,4.45794392523364
"SubpathwayLNCE",1542,4.45664739884393
"IsoSpecR",557,4.456
"prereg",1417,4.4559748427673
"minimap",1407,4.45253164556962
"fiery",797,4.45251396648045
"rpcdsearch",1544,4.44956772334294
"vrcp",1588,4.44817927170868
"PARSE",889,4.445
"permubiome",1449,4.44478527607362
"ttbbeer",800,4.44444444444444
"musica",520,4.44444444444444
"dam",906,4.44117647058824
"velox",564,4.44094488188976
"rtypeform",1216,4.43795620437956
"varSel",244,4.43636363636364
"hyper.fit",665,4.43333333333333
"MixRF",1187,4.42910447761194
"rpms",310,4.42857142857143
"guess",1439,4.42769230769231
"iopsych",1195,4.42592592592593
"RSauceLabs",416,4.42553191489362
"multiplyr",1000,4.42477876106195
"regexPipes",469,4.42452830188679
"givitiR",743,4.42261904761905
"validatejsonr",314,4.42253521126761
"tcpl",1048,4.42194092827004
"teda",283,4.421875
"mise",809,4.4207650273224
"PWD",1348,4.41967213114754
"Sky",1458,4.41818181818182
"lazysql",1294,4.41638225255973
"varband",234,4.41509433962264
"RNewsflow",1381,4.41214057507987
"netcoh",1332,4.41059602649007
"joinXL",538,4.40983606557377
"types",335,4.40789473684211
"indelmiss",573,4.40769230769231
"PlasmaMutationDetector",489,4.40540540540541
"RLogicalOps",1440,4.40366972477064
"BootMRMR",480,4.40366972477064
"spatialClust",515,4.4017094017094
"OTRselect",1338,4.40131578947368
"makeFlow",563,4.3984375
"rFTRLProximal",466,4.39622641509434
"pgraph",874,4.39195979899498
"SyncRNG",325,4.39189189189189
"stdReg",1444,4.38905775075988
"ldstatsHD",588,4.38805970149254
"micompr",1030,4.38297872340426
"mixedsde",1104,4.38095238095238
"qrencoder",460,4.38095238095238
"SAMM",1016,4.37931034482759
"humidity",705,4.37888198757764
"GRANBase",1388,4.37854889589905
"IntegrateBs",814,4.37634408602151
"VertexSimilarity",1487,4.37352941176471
"MetaboQC",463,4.36792452830189
"loe",1537,4.36647727272727
"SimSCRPiecewise",681,4.36538461538461
"tensorBSS",1113,4.36470588235294
"GiNA",1152,4.36363636363636
"JSM",554,4.36220472440945
"iWISA",1265,4.36206896551724
"wiqid",375,4.36046511627907
"pdolsms",1482,4.35882352941176
"RADanalysis",1264,4.35862068965517
"rpql",366,4.35714285714286
"mcglm",884,4.35467980295566
"IMPACT",840,4.35233160621762
"MGGM",1236,4.35211267605634
"Rfmtool",1249,4.35191637630662
"MetaheuristicFPA",535,4.34959349593496
"PolyTrend",1009,4.34913793103448
"unvotes",761,4.34857142857143
"hierarchicalSets",1148,4.34848484848485
"mcgfa",387,4.34831460674157
"paleomorph",626,4.34722222222222
"meanShiftR",526,4.34710743801653
"stremr",391,4.34444444444444
"GeneralTree",482,4.34234234234234
"mptools",1359,4.34185303514377
"hyphenatr",1246,4.34146341463415
"ptwikiwords",356,4.34146341463415
"phybreak",586,4.34074074074074
"MuViCP",1354,4.33974358974359
"OTUtable",1245,4.33797909407665
"vembedr",941,4.33640552995392
"solarPos",1552,4.33519553072626
"rmdHelpers",1140,4.33460076045627
"scvxclustr",338,4.33333333333333
"Homeric",745,4.33139534883721
"pipefittr",459,4.33018867924528
"spaero",1160,4.32835820895522
"plac",1056,4.32786885245902
"multigraph",584,4.32592592592593
"XRPython",497,4.32173913043478
"MFPCA",691,4.31875
"imputePSF",1043,4.3099173553719
"xkcdcolors",1086,4.30952380952381
"polmineR",823,4.30890052356021
"TLdating",1278,4.3030303030303
"prof.tree",955,4.3018018018018
"Infusion",675,4.29936305732484
"tensr",1417,4.29393939393939
"Rodam",369,4.2906976744186
"simulator",729,4.28823529411765
"RM.weights",720,4.28571428571429
"MBSGS",540,4.28571428571429
"trelloR",420,4.28571428571429
"zenplots",60,4.28571428571429
"mvPot",814,4.28421052631579
"Mondrian",1289,4.28239202657807
"ibm",865,4.28217821782178
"liqueueR",552,4.27906976744186
"rslurm",924,4.27777777777778
"quantreg.nonpar",1150,4.27509293680297
"Rtextrankr",530,4.2741935483871
"profmem",453,4.27358490566038
"island",1141,4.27340823970037
"sclero",1470,4.27325581395349
"hkex.api",892,4.26794258373206
"flars",896,4.26666666666667
"dynpanel",529,4.26612903225806
"SDMPlay",626,4.25850340136054
"GK2011",924,4.25806451612903
"ProteinDescriptors",1281,4.25581395348837
"ordDisp",366,4.25581395348837
"selection",1217,4.25524475524475
"paramGUI",837,4.24873096446701
"rechonest",1219,4.24738675958188
"tcgsaseq",1032,4.24691358024691
"lrequire",1325,4.24679487179487
"jrich",1269,4.24414715719064
"QVM",776,4.24043715846995
"LSPFP",954,4.24
"hdpca",636,4.24
"ILS",937,4.23981900452489
"spAddins",873,4.2378640776699
"lmem.gwaser",1004,4.23628691983122
"statquotes",487,4.23478260869565
"Pijavski",1240,4.2320819112628
"norm2",1007,4.23109243697479
"liftLRD",482,4.2280701754386
"Weighted.Desc.Stat",1285,4.22697368421053
"stablespec",1120,4.22641509433962
"mvcluster",1141,4.22592592592593
"MWLasso",655,4.2258064516129
"VisuClust",1487,4.22443181818182
"SteinIV",1432,4.22418879056047
"simPATHy",696,4.21818181818182
"l0ara",658,4.21794871794872
"pems.utils",1278,4.21782178217822
"sonar",447,4.21698113207547
"moko",438,4.21153846153846
"password",1186,4.20567375886525
"PanJen",576,4.2043795620438
"madr",496,4.20338983050847
"TPEA",517,4.20325203252033
"listless",588,4.2
"HMVD",970,4.1991341991342
"nbc4va",722,4.19767441860465
"mlmc",1045,4.19678714859438
"SHLR",1128,4.19330855018587
"RMThreshold",805,4.19270833333333
"wvtool",218,4.19230769230769
"Strategy",88,4.19047619047619
"MatchItSE",385,4.18478260869565
"icesDatras",615,4.18367346938776
"NAEPprimer",1028,4.17886178861789
"robustrank",731,4.17714285714286
"Tariff",1261,4.17549668874172
"GofKmt",1060,4.17322834645669
"PCSinR",296,4.16901408450704
"qqvases",446,4.16822429906542
"thregI",1211,4.16151202749141
"WaverR",1339,4.1583850931677
"memo",528,4.15748031496063
"HDDesign",831,4.155
"svmadmm",1233,4.15151515151515
"nortestARMA",996,4.15
"rpinterest",560,4.14814814814815
"randstr",1149,4.14801444043321
"tdROC",1140,4.14545454545455
"misclassGLM",485,4.14529914529915
"pkmon",402,4.14432989690722
"XRJulia",489,4.14406779661017
"microcontax",638,4.14285714285714
"PEGroupTesting",439,4.14150943396226
"rgw",335,4.1358024691358
"PhysActBedRest",1104,4.13483146067416
"SDraw",835,4.13366336633663
"robustrao",1310,4.13249211356467
"kinn",917,4.13063063063063
"pim",768,4.12903225806452
"SurvDisc",355,4.12790697674419
"Rsampling",849,4.12135922330097
"MLPUGS",725,4.11931818181818
"LncPath",939,4.11842105263158
"hierformR",836,4.11822660098522
"mpbart",1349,4.11280487804878
"waterfalls",884,4.11162790697674
"ramidst",287,4.1
"patternplot",41,4.1
"learningCurve",582,4.09859154929577
"SLDAssay",754,4.09782608695652
"ungeneanno",647,4.09493670886076
"MiSPU",1175,4.09407665505227
"kehra",831,4.0935960591133
"SpatMCA",921,4.09333333333333
"VSE",1158,4.09187279151943
"MultiBD",630,4.09090909090909
"MonoInc",912,4.08968609865471
"ROI.plugin.scs",789,4.0880829015544
"nearfar",490,4.08333333333333
"revdbayes",151,4.08108108108108
"mvst",665,4.07975460122699
"toxboot",571,4.07857142857143
"PDM",530,4.07692307692308
"xxIRT",558,4.07299270072993
"iqspr",904,4.07207207207207
"not",521,4.0703125
"scenario",1290,4.06940063091483
"processcontrol",1094,4.06691449814126
"uroot",1464,4.06666666666667
"RpeakChrom",61,4.06666666666667
"tempcyclesdata",1476,4.06611570247934
"optband",508,4.064
"SSDM",1308,4.06211180124224
"VRPM",487,4.05833333333333
"sAIC",349,4.05813953488372
"qha",450,4.05405405405405
"petrinetR",543,4.05223880597015
"pmhtutorial",1402,4.05202312138728
"rbgm",652,4.04968944099379
"pcrsim",1275,4.04761904761905
"FREddyPro",445,4.04545454545455
"IndTestPP",606,4.04
"noise",622,4.03896103896104
"StepwiseTest",428,4.0377358490566
"TransP",1296,4.03738317757009
"tranSurv",662,4.03658536585366
"rdnb",1106,4.03649635036496
"MetProc",908,4.03555555555556
"spikes",460,4.03508771929825
"ssc",347,4.03488372093023
"pergola",1085,4.03345724907063
"saasCNV",911,4.03097345132743
"spray",1185,4.03061224489796
"rodham",947,4.02978723404255
"Peacock.test",677,4.02976190476191
"NetOrigin",709,4.02840909090909
"MaxSkew",713,4.02824858757062
"vqtl",1200,4.02684563758389
"miscor",547,4.02205882352941
"microbats",1270,4.01898734177215
"SizeEstimation",683,4.01764705882353
"UNCLES",964,4.01666666666667
"StroupGLMM",1024,4.0156862745098
"hsm",819,4.01470588235294
"simpleRCache",1232,4.01302931596091
"ssmn",1102,4.00727272727273
"PATHChange",784,4
"STB",780,4
"StratifiedBalancing",700,4
"rasterKernelEstimates",588,4
"matrixLaplacian",671,3.99404761904762
"iDOS",623,3.99358974358974
"RSAgeo",946,3.9915611814346
"march",926,3.99137931034483
"RSMET",1149,3.98958333333333
"yorkr",1072,3.98513011152416
"Smisc",757,3.98421052631579
"PACBO",709,3.98314606741573
"tsSelect",338,3.97647058823529
"TippingPoint",961,3.97107438016529
"SDEFSR",671,3.97041420118343
"metaplotr",730,3.96739130434783
"sublime",361,3.96703296703297
"spass",357,3.96666666666667
"rvcheck",777,3.96428571428571
"REREFACT",983,3.96370967741935
"jacpop",622,3.96178343949045
"statcomp",475,3.95833333333333
"xLLiM",95,3.95833333333333
"QCSimulator",716,3.95580110497238
"MagneticMap",589,3.95302013422819
"rrr",83,3.95238095238095
"rmcorr",482,3.95081967213115
"pact",1019,3.94961240310078
"sensitivityfull",391,3.94949494949495
"rdomains",778,3.9492385786802
"LncPriCNet",829,3.94761904761905
"icesAdvice",888,3.94666666666667
"pop",813,3.94660194174757
"quadmesh",789,3.945
"splitfngr",422,3.94392523364486
"valorate",351,3.9438202247191
"fastcmh",532,3.94074074074074
"WACS",1216,3.93527508090615
"pMineR",661,3.93452380952381
"photobiologyPlants",578,3.93197278911565
"wfg",1214,3.92880258899676
"TELP",978,3.92771084337349
"ordcrm",216,3.92727272727273
"rwty",793,3.92574257425743
"sFFLHD",490,3.92
"scphaser",474,3.91735537190083
"milonga",944,3.91701244813278
"tswge",94,3.91666666666667
"dhga",450,3.91304347826087
"word.alignment",974,3.91164658634538
"polychaosbasics",1150,3.91156462585034
"samplesizelogisticcasecontrol",391,3.91
"perccal",777,3.90452261306533
"Rbent",800,3.90243902439024
"Tlasso",398,3.90196078431373
"UCR.ColumnNames",394,3.9009900990099
"PathSelectMP",873,3.89732142857143
"nima",1091,3.89642857142857
"regsel",1153,3.89527027027027
"iprior",518,3.89473684210526
"fitdc",401,3.89320388349515
"subniche",572,3.89115646258503
"tmpm",1186,3.88852459016393
"MultiGHQuad",1415,3.88736263736264
"RSSOP",478,3.88617886178862
"statprograms",528,3.88235294117647
"multiDimBio",1412,3.87912087912088
"rccdates",702,3.87845303867403
"pETM",860,3.87387387387387
"TSS.RESTREND",368,3.87368421052632
"refimpact",364,3.87234042553191
"pop.wolf",1037,3.86940298507463
"RSarules",294,3.86842105263158
"TestDataImputation",541,3.86428571428571
"quhomology",935,3.86363636363636
"RcppMLPACK",1405,3.85989010989011
"SubVis",760,3.85786802030457
"pkgcopier",810,3.85714285714286
"stepPenal",27,3.85714285714286
"MethyBayes",605,3.85350318471338
"libcoin",77,3.85
"LogicOpt",912,3.84810126582278
"strategicplayers",380,3.83838383838384
"Rtauchen",556,3.83448275862069
"tilting",1376,3.83286908077994
"valuer",65,3.82352941176471
"sfc",485,3.81889763779528
"sensiPhy",630,3.81818181818182
"SeqMADE",710,3.81720430107527
"edci",1388,3.81318681318681
"SOIL",667,3.81142857142857
"OptimaRegion",1120,3.80952380952381
"highSCREEN",921,3.80578512396694
"pulsar",559,3.80272108843537
"osc",886,3.80257510729614
"sparseSVM",1072,3.80141843971631
"milr",638,3.79761904761905
"uHMM",953,3.79681274900398
"QRegVCM",622,3.79268292682927
"setter",1042,3.78909090909091
"rscimark",1091,3.78819444444444
"pGMGM",697,3.78804347826087
"T2EQ",454,3.78333333333333
"SNPMClust",1364,3.77839335180055
"sqlscore",68,3.77777777777778
"idem",668,3.77401129943503
"Rtnmin",660,3.77142857142857
"TotalCopheneticIndex",1052,3.77060931899642
"VariableScreening",618,3.76829268292683
"voxel",470,3.76
"textgRid",376,3.76
"QCApro",1267,3.75964391691395
"subspaceMOA",943,3.75697211155379
"NoiseFiltersR",710,3.75661375661376
"SPIGA",740,3.75634517766497
"tpAUC",462,3.75609756097561
"wfindr",675,3.75
"lvplot",1361,3.74931129476584
"RobAStRDA",933,3.74698795180723
"modygliani",678,3.74585635359116
"sbfc",629,3.74404761904762
"USGSstates2k",605,3.73456790123457
"roccv",687,3.73369565217391
"mcPAFit",855,3.73362445414847
"rollbar",858,3.7304347826087
"REPTILE",716,3.72916666666667
"mod09nrt",589,3.72784810126582
"SpectralMap",652,3.72571428571429
"striprtf",52,3.71428571428571
"muckrock",768,3.71014492753623
"refnr",945,3.70588235294118
"tttplot",1056,3.70526315789474
"SecKW",615,3.70481927710843
"files",574,3.70322580645161
"SiMRiv",629,3.7
"lbreg",37,3.7
"rpn",761,3.69417475728155
"zebu",480,3.69230769230769
"robustETM",1019,3.69202898550725
"rDNAse",620,3.69047619047619
"cystiSim",839,3.67982456140351
"ScottKnottESD",522,3.67605633802817
"plspolychaos",860,3.67521367521368
"PASenseWear",448,3.67213114754098
"semds",730,3.66834170854271
"genemodel",829,3.66814159292035
"sdat",928,3.66798418972332
"SeqAlloc",539,3.66666666666667
"touch",44,3.66666666666667
"VDAP",810,3.66515837104072
"SSRA",475,3.65384615384615
"vhica",981,3.64684014869888
"RVPedigree",1258,3.6463768115942
"squid",772,3.64150943396226
"sound",1325,3.64010989010989
"SinIW",604,3.63855421686747
"nlshrink",952,3.63358778625954
"scientoText",588,3.62962962962963
"RRate",489,3.62222222222222
"sEparaTe",742,3.61951219512195
"VetResearchLMM",684,3.61904761904762
"proccalibrad",550,3.61842105263158
"pleio",513,3.61267605633803
"vottrans",1035,3.60627177700348
"TTCA",696,3.60621761658031
"udapi",587,3.60122699386503
"primefactr",511,3.59859154929577
"StagedChoiceSplineMix",503,3.59285714285714
"optiSel",668,3.59139784946237
"tableMatrix",416,3.58620689655172
"GSAQ",405,3.58407079646018
"TrendInTrend",740,3.57487922705314
"rstack",536,3.57333333333333
"virustotal",750,3.57142857142857
"rlas",25,3.57142857142857
"SPPcomb",32,3.55555555555556
"TideCurves",1013,3.55438596491228
"tigerhitteR",632,3.55056179775281
"TanB",589,3.54819277108434
"stddiff",695,3.54591836734694
"SuperRanker",581,3.54268292682927
"vietnamcode",631,3.50555555555556
"rvsel",743,3.48826291079812
"seqtest",972,3.48387096774194
"time2event",533,3.48366013071895
"WPC",533,3.48366013071895
"stcov",905,3.48076923076923
"wtest",510,3.46938775510204
"supportInt",807,3.40506329113924
"subdetect",791,3.39484978540773
"TwoPhaseInd",1140,3.39285714285714
"tailDepFun",946,3.39068100358423
"rootWishart",572,3.38461538461538
"rtk",480,3.38028169014085
"SPreFuGED",514,3.33766233766234
"icdGLM",530,3.29192546583851
"sp500SlidingWindow",766,3.27350427350427
"rSARP",716,3.26940639269406
"climatol",1174,3.22527472527473
"PreKnitPostHTMLRender",662,3.19806763285024
"POT",1161,3.18956043956044
"SmartSifter",338,3.18867924528302
"saeRobust",727,3.18859649122807
"spex",376,3.1864406779661
"zTree",35,3.18181818181818
"fecR",180,3.15789473684211
"productplots",986,3.13015873015873
"SpaTimeClus",28,3.11111111111111
"sitmo",888,3.10489510489511
"permPATH",984,3.10410094637224
"ljr",1109,3.08055555555556
"rtip",639,3.04285714285714
"normalr",30,3
"blob",6,3
"MetaboList",6,3
"SSBtools",6,3
"treeman",758,2.9609375
"predatory",60,2.85714285714286
"uaparserjs",411,2.79591836734694
"Difdtl",357,2.7890625
"qat",1003,2.75549450549451
"sigora",853,2.71656050955414
"nanotime",37,2.64285714285714
"permGPU",942,2.63128491620112
"rmutil",858,2.62385321100917
"POET",831,2.58074534161491
"SnakeCharmR",280,2.56880733944954
"genomicper",781,2.47936507936508
"digitize",885,2.44475138121547
"bfork",824,2.28254847645429
"phylosim",812,2.26183844011142
"CADStat",799,2.21944444444444
"rocNIT",19,2.11111111111111
"bigReg",331,2.09493670886076
"pfa",726,2.08022922636103
"tictactoe",4,2
"event",638,1.95107033639144
"RcppGetconf",291,1.88961038961039
"CVD",558,1.69604863221885
"pcrcoal",583,1.63305322128852
"rcqp",512,1.62539682539683
"SCRSELECT",449,1.60931899641577
"pcaPA",505,1.6031746031746
"gnlm",508,1.55351681957187
"spef",521,1.45125348189415
"stable",423,1.34713375796178
"MCAvariants",426,1.21367521367521
"growth",376,1.14984709480122
"nricens",383,1.07282913165266
"MSGLasso",346,0.958448753462604
"gafit",251,0.68956043956044
"repeated",173,0.529051987767584
"AssayCorrector",0,0
"assignPOP",0,0
"gradDescent",0,0
"lingtypology",0,0
"mnis",0,0
"tensorBF",0,0
